3,2022-08-12,success
4,2022-08-26,success
5,2022-07-17,success
5,2022-11-02,success
2,2023-06-07,success
1,2023-05-07,success
5,2023-04-28,fail
3,2023-04-26,success
2,2023-02-05,success
5,2022-12-22,fail
1,2023-04-22,fail
4,2023-06-29,success
3,2023-04-19,fail
3,2023-04-06,fail
5,2023-04-16,fail
2,2023-05-22,success
5,2023-03-10,fail
4,2023-06-23,fail
4,2023-01-18,fail
2,2023-04-27,success
5,2022-11-06,fail
3,2022-11-18,fail
2,2022-09-17,fail
2,2022-11-14,success
3,2022-07-23,fail
1,2022-09-13,success
2,2022-07-03,success
1,2022-12-09,success
4,2023-04-03,fail
5,2022-10-11,success
4,2023-03-16,fail
5,2023-01-10,success
3,2022-12-03,fail
3,2022-07-02,success
1,2022-10-11,fail
1,2023-02-24,fail
5,2022-09-11,fail
3,2023-04-11,fail
4,2023-06-03,fail
2,2023-01-30,fail
4,2022-10-21,fail
1,2022-07-09,fail
1,2022-08-12,fail
1,2023-05-30,fail
3,2022-08-11,fail
2,2022-10-22,success
3,2023-01-06,fail
1,2022-11-10,fail
2,2023-04-02,success
2,2022-07-17,fail
2,2022-08-06,fail
4,2023-01-11,success
2,2023-02-20,fail
2,2023-01-09,success
3,2023-01-03,success
2,2023-04-17,success
5,2023-03-07,fail
4,2023-06-26,fail
5,2023-06-30,fail
5,2023-02-01,fail
3,2023-03-26,success
5,2022-11-13,success
5,2022-08-11,fail
5,2023-01-30,success
3,2022-12-02,fail
3,2022-09-27,fail
1,2022-10-26,success
2,2023-02-23,fail
4,2022-12-25,fail
1,2022-08-22,fail
5,2023-05-27,fail
5,2022-08-17,success
2,2022-10-02,success
1,2022-07-15,fail
3,2023-02-06,fail
4,2023-06-05,fail
1,2022-08-15,fail
3,2022-08-03,success
4,2022-12-17,fail
3,2022-09-11,success
5,2022-07-06,success
5,2023-01-14,success
1,2022-11-04,fail
3,2022-11-18,success
2,2022-12-17,success
4,2023-05-02,success
5,2022-08-14,success
1,2022-07-20,success
2,2022-10-27,success
2,2023-02-24,success
5,2022-09-17,fail
5,2022-10-05,fail
5,2023-01-12,fail
4,2023-04-30,fail
4,2023-06-14,success
2,2022-10-05,fail
3,2022-07-24,fail
4,2023-06-03,fail
2,2022-11-27,success
1,2023-03-15,success
